Date,beta1,beta2,beta3
1994-01-31,12.674709580534563,-2.3521070154914074,-1.4167510000883556
1994-02-28,13.135975911334475,-2.9258451707852435,-0.2948193375588223
1994-03-31,13.416621003016155,-3.226346262868061,-0.7082668074065062
1994-04-30,13.688660025430739,-3.3530146093673054,-0.6211975955047775
1994-05-31,14.127653939622775,-3.2952500585000575,-1.4880140935882429
1994-06-30,14.885219729730544,-4.105574079499688,0.10810970902621464
1994-07-31,15.372292642419193,-4.936959110338426,2.253440916996678
1994-08-31,16.1973496095435,-5.927809904631659,3.009437373493382
1994-09-30,16.403153059491952,-6.361199086319259,8.483457145634356
1994-10-31,16.201194912876066,-5.0744026084994145,8.872354128342993
1994-11-30,16.343992202408558,-4.668523821746288,7.589481211511943
1994-12-31,16.32053689626703,-4.2502561171578925,6.4566450427844
1995-01-31,16.641150213312326,-4.292518574117624,5.881226754980441
1995-02-28,16.43513810077151,-3.8402123451781165,5.774943527262569
1995-03-31,16.421525367160594,-3.632311186720554,5.020013179169906
1995-04-30,16.715535247938508,-3.9478435270786743,4.0289178178610685
1995-05-31,16.91026760679556,-3.278105737892584,3.6706161853950583
1995-06-30,16.67845901117608,-2.880276594595241,3.4404207574859003
1995-07-31,16.531905738348808,-2.464789747372751,2.913594985322318
1995-08-31,16.00068789714651,-1.917653600597365,1.4469938191114695
1995-09-30,15.506474941870273,-1.1431700833799803,0.7250781813284451
1995-10-31,15.409429179588907,-1.1130873618001837,-0.9590929080626126
1995-11-30,14.611087659387342,-0.43417675942887746,-1.2944339393587874
1995-12-31,14.82930446684479,-0.27870728363820085,-1.7798671786762585
1996-01-31,14.21990769213881,0.6358442151081731,-3.9476872820473923
1996-02-29,14.53441759757261,0.11186782747570234,-3.237511546001991
1996-03-31,15.554256006512931,-0.8114609197344902,-2.8202524268069435
1996-04-30,16.484152458720352,-1.5492078887161917,-3.76241934625345
1996-05-31,16.725104006830268,-0.009489705623122457,-2.168980318287354
1996-06-30,16.60030754923104,0.41174000905318664,-6.990490765150356
1996-07-31,15.909059079973423,0.0615383751819345,-4.57188694017116
1996-08-31,16.291993451966785,0.666249454337206,-4.872888345847881
1996-09-30,15.84931172070371,0.38015262878203404,-4.19434159661298
1996-10-31,16.09567182618329,-0.299786921438445,-2.687450687700151
1996-11-30,16.27237687048311,-0.32269562816323516,-1.178838519226139
1996-12-31,16.359579148056838,0.4346598512821184,-2.255898252739863
1997-01-31,16.10111659227777,1.1041560520040676,-3.2864073792383075
1997-02-28,15.507052764706984,1.4234917658008097,-5.197845957592847
1997-03-31,15.577600446345416,1.3328372364097334,-4.701405897176493
1997-04-30,15.60741346504712,1.1943058896102525,-4.167121235109392
1997-05-31,15.432657932842833,1.289807913286945,-4.112348757571543
1997-06-30,15.06881504098178,1.4176545847011846,-4.038846510434403
1997-07-31,14.59319078975551,1.4930174162707803,-4.144988945914613
1997-08-31,14.62231079047087,1.1092642174012175,-3.981730686434777
1997-09-30,14.515952485058024,1.1221436018787965,-3.7205287253345896
1997-10-31,14.276919402767357,1.1579246569445545,-3.053352345050896
1997-11-30,14.619831672840558,0.6512589111838681,-1.6651532408595515
1997-12-31,14.362982984289877,1.1436643032901264,-2.9700110388373906
1998-01-31,13.853796533807762,1.4698401047672436,-3.3153018968841126
1998-02-28,13.671053933042064,1.1674874357192737,-2.8355077286232784
1998-03-31,13.491967114065357,0.4011783326813142,-2.315675946139818
1998-04-30,13.222413334707204,0.39197753622756326,-3.2927119572764103
1998-05-31,13.587187380472653,0.0006919347305470724,-1.6952323983006097
1998-06-30,15.017907098106752,2.17894886624116,-5.037233780439144
1998-07-31,16.453860285401962,4.226707134906951,-7.1934352277000775
1998-08-31,17.127085528607672,4.116544874047731,-3.6595485003001427
1998-09-30,18.260457880373888,5.125535767616556,-3.4563526871997845
1998-10-31,16.794887820241655,4.2642500662180405,-5.381342925421396
1998-11-30,16.411063540713837,2.6672302202291296,-4.747851662259646
1998-12-31,16.31959116022738,1.784582024986133,-0.8352372903299544
1999-01-31,16.025160124367666,1.2890059752427783,-1.2788162333158009
1999-02-28,15.343064198018098,1.1320929249630947,-3.374894001368665
1999-03-31,15.057660997614569,0.3594082941017134,-3.3794957970549353
1999-04-30,14.870021952227992,-0.5754907660562882,-1.294513209735577
1999-05-31,15.21276250060026,-1.3990308547430983,0.9363352269657881
1999-06-30,15.190911443972036,-1.572410703221356,-0.41167245332428615
1999-07-31,15.244204792129091,-3.0307657365125467,0.37370811611348564
1999-08-31,15.232783999365472,-3.7052024730295936,3.2960656996881146
1999-09-30,15.40204290202874,-4.493397778246157,3.186035193909645
1999-10-31,14.927656044416496,-4.496410727276557,4.033230437592315
1999-11-30,14.223712684821503,-3.7696963693282566,3.7416214323942336
1999-12-31,13.941269782568536,-3.445550102389479,3.2486063285208155
2000-01-31,13.59540370295883,-3.667665473746713,2.5777093927787575
2000-02-29,13.398802040216607,-3.9605804865924057,3.8689239846234056
2000-03-31,13.772597947787238,-4.376267310327503,4.707647132531037
2000-04-30,14.21371205338473,-4.819025050949907,4.541946154705683
2000-05-31,14.753236675667477,-5.007732023636146,4.557370194701476
2000-06-30,14.344535793228298,-4.444237971596456,3.814342151225555
2000-07-31,14.235895127254459,-4.223421219567307,1.3331463271148394
2000-08-31,13.977118699534463,-3.943334254255476,0.00112697298655684
2000-09-30,14.129956271514818,-4.121403343015864,0.4493885479162636
2000-10-31,14.04600340437976,-3.986493255345387,0.5928319662833992
2000-11-30,13.70788074164142,-3.5482559650584458,0.3131652086250134
2000-12-31,13.268090594654414,-3.0206237038949344,-0.6137153179685725
2001-01-31,13.315165706034097,-3.071547612087087,-1.8352005797270818
2001-02-28,12.574760873202793,-2.2486007366504546,-2.1170599244102353
2001-03-31,12.328976301239743,-1.9571163824864644,-1.7595983507675497
2001-04-30,12.639585669710277,-2.103349210491103,-1.3946320006406343
2001-05-31,12.41756294863006,-1.7727734854371286,-1.8586945196492066
2001-06-30,11.778760380178662,-1.5359151522007717,-1.8354352711312085
2001-07-31,11.437771219233873,-1.7053610993810007,-1.966338087461979
2001-08-31,11.46507513655613,-1.8281382086397868,-3.2357418247180156
2001-09-30,11.587210698143947,-2.0810871480317665,-3.4693227924237497
2001-10-31,11.380036513824594,-2.33997555727044,-2.572791140294539
2001-11-30,10.90461160320019,-1.9122276990994762,-2.846930298181264
2001-12-31,12.090692991314654,-2.953114470279303,-0.037229511471059906
2002-01-31,12.14441772524549,-2.450444127876837,-1.228161264534383
2002-02-28,12.182311470276368,-2.465123173922315,0.2461308502118218
2002-03-31,13.019201258269822,-2.797928878109433,0.11896834322645145
2002-04-30,12.8114973872775,-1.809419918031701,-0.1478976159441357
2002-05-31,11.711101033201233,-0.12956324712527073,0.49982255403640447
2002-06-30,11.62531201648554,0.30942559380075846,0.11911922695304508
2002-07-31,11.183590490690802,0.7498078174477704,-0.11223441667879624
2002-08-31,11.097508029738183,0.8912092246384515,0.05432951907253086
2002-09-30,11.182260412325132,1.5108071012848576,1.2618057632244974
2002-10-31,11.008270581109299,2.256635015655089,1.7387272337951938
2002-11-30,10.793681598181989,2.2205258337738334,-0.4280995726413085
2002-12-31,10.603567216563851,2.540729942872217,-2.463861151459998
2003-01-31,10.217350013856382,2.819061227699199,-1.1735233473620497
2003-02-28,10.018463774877358,3.267189146808953,-1.8234291183751825
2003-03-31,10.160881054069495,3.4854147864173934,-2.9872239871791475
2003-04-30,9.990061248739929,3.863345999578259,-2.995154259720682
2003-05-31,9.936017907803357,3.7407232542335573,-3.9814404131967707
2003-06-30,9.596797453403878,2.4706636710411543,-4.7883305907413485
2003-07-31,10.343337994998098,1.364246286538095,-7.30892608093693
2003-08-31,10.098825718399842,0.7758853228242127,-4.386533482589543
2003-09-30,10.054539744839893,-0.18116686253387093,-3.499761947980975
2003-10-31,9.52704118893288,-1.2141852997541762,-2.079329600682298
2003-11-30,9.691860701044213,-1.9850932922006956,-1.927046220495935
2003-12-31,9.484041053309165,-2.3584264791204252,-0.5647204911257588
2004-01-31,9.334385709670839,-1.8330069085460394,0.8644937185351904
2004-02-29,9.418718335003103,-2.0724844335083055,1.4974881919863448
2004-03-31,9.698202842196304,-2.0708425162378656,0.9032390705949497
2004-04-30,9.843647052134775,-2.246182433998625,1.7913032357532355
2004-05-31,10.13501441871112,-2.718738177835644,2.851228166895716
2004-06-30,10.33082053948707,-2.7249424537138776,2.09764706123024
2004-07-31,10.237905206985346,-2.3467973634709796,0.006352071510434931
2004-08-31,10.05937895494438,-2.541179154186462,-1.4530438668330496
2004-09-30,9.71238960404962,-2.501518142759236,-2.132810717223717
2004-10-31,9.583610049070487,-2.202695003886823,-2.113037555304925
2004-11-30,9.494892457460754,-1.9818934395377905,-3.335724406826418
2004-12-31,8.839249367078006,-1.3439071188281688,-2.895961326776318
2005-01-31,8.534982963411395,-1.0273255567813055,-2.1853468133023495
2005-02-28,8.074420976466067,-0.584161832896037,-1.8051916715180876
2005-03-31,8.424395889383428,-1.1107273460403106,-0.9679631415961987
2005-04-30,8.693122640581846,-1.8113091322745971,-0.040010224110405335
2005-05-31,8.657984989995223,-2.008375077483217,0.04587836236079157
2005-06-30,8.316609099038534,-1.5798361788181325,-0.2609447500572404
2005-07-31,8.331579684070322,-1.637037696872088,-0.07774095870873865
2005-08-31,8.113908938173662,-1.418209168059514,-0.11829121836153211
2005-09-30,8.154437897164234,-1.5106754213138458,0.7040785271384145
2005-10-31,8.112625365977344,-1.3934740276111683,1.2784296370472135
2005-11-30,7.910340020113762,-0.9670614956695345,0.7720022191579049
2005-12-31,7.644832163943455,-0.7538918744622621,0.22002985545994647
2006-01-31,7.451224859680851,-0.6272938004848653,0.11038195682949425
2006-02-28,7.285024670131125,-0.5416879591252254,0.40962351892882864
2006-03-31,7.411237061535018,-0.8877699308143236,0.6526844638688245
2006-04-30,7.5236113549458326,-0.7960003030176362,0.15843155124889646
2006-05-31,7.713035565495896,-0.8164953497449617,0.10317902406454055
2006-06-30,8.27973507890558,-1.1479954256655676,1.075723346585223
2006-07-31,8.39812914596583,-1.116407307441612,2.193072364884311
2006-08-31,8.427331759286584,-0.547678294183985,1.632118214681024
2006-09-30,8.34387523306076,-0.3973133771931222,2.4210339489072275
2006-10-31,8.03703864735468,0.43559110168022386,2.052553394251631
2006-11-30,7.505694664785173,1.0345768029621805,1.779958741485031
2006-12-31,7.3208066500388735,1.3721937087915186,2.397767585626859
2007-01-31,7.235978549776471,1.8017173496601262,1.538517749997458
2007-02-28,7.039067598813471,1.9515428775626193,1.6003812583752857
2007-03-31,7.0394581489227015,1.4685953503254563,2.503126191836535
2007-04-30,7.0614911748944955,1.444948750275156,2.6687719697528207
2007-05-31,6.99444324536641,1.7489083044684786,2.4745556832043647
2007-06-30,7.349230407399978,1.9521179538626736,3.54544866061134
2007-07-31,7.5026407740894285,1.8814231481863524,4.038198241394467
2007-08-31,7.515637132091682,1.9421967028634417,4.4511212196011
2007-09-30,7.629391792552785,2.1124006128195365,3.7671521359464673
2007-10-31,7.376434168621781,2.9902086481523846,2.3361956468968605
2007-11-30,7.2417898370876905,3.404946354722579,3.415418790158926
2007-12-31,7.313557379657933,3.538930468671693,3.823857875430225
2008-01-31,7.370437363040135,3.670693545013812,3.530358080869967
2008-02-29,7.87439426911775,2.995975961065545,2.7117665373792113
2008-03-31,8.498076676395879,2.363500264897164,2.0824086228624346
2008-04-30,8.366878431695472,2.600003671784517,2.9432107550820374
2008-05-31,8.397846635963154,2.808753791082152,5.289127159503156
2008-06-30,9.104959222533681,2.8032141890081563,6.154192645072406
2008-07-31,9.025261923464964,3.0434413103474602,4.3965281769310955
2008-08-31,8.516159062009002,3.751323387817329,1.011501536663248
2008-09-30,8.228368729977799,3.607749643610819,2.0310398032853296
2008-10-31,8.380925714080833,3.056916991344678,2.519222383925239
2008-11-30,7.853328860960662,3.555866057343286,1.0801647853930476
2008-12-31,7.520350128950843,3.7951853057693072,-2.157976544618994
2009-01-31,8.862209573174319,3.063769605012676,-10.41003603235752
2009-02-28,9.352713152734227,0.6656677948846454,-8.971300096637107
2009-03-31,9.456757684710185,-0.40490182127452856,-7.4883802563462325
2009-04-30,9.601948727078945,-1.027709875592377,-6.949347192148083
2009-05-31,9.708270869888121,-1.5654253986279163,-6.149631866618424
2009-06-30,9.462760810075876,-2.0489797873884634,-3.0289167571804234
2009-07-31,9.517794341197394,-1.9124486271165448,-2.053635844422169
2009-08-31,8.884738328716463,-1.6290401296885493,-0.40711946693872086
2009-09-30,8.845834511421462,-1.7763706779405928,-0.8299192673636386
2009-10-31,9.25646862680108,-2.2189694538963565,-0.49213570632117243
2009-11-30,9.168965318265325,-1.9736733484159035,-0.9349924585407818
2009-12-31,9.15963053697969,-1.8237078932721373,-0.9385680804939556
2010-01-31,9.372335995433223,-2.0829994312842706,-0.8407923465398577
2010-02-28,9.333214898036456,-2.060542813802104,-1.7624764890235847
2010-03-31,9.169618036721571,-1.9765804895430268,-2.041921212941011
2010-04-30,9.047016224775177,-2.331235632563887,-2.3752130605465833
2010-05-31,9.286009057929737,-2.6588788952719136,-2.1129052856604256
2010-06-30,9.341441405655404,-2.66295814406988,-2.6657164240017384
2010-07-31,9.109145798418846,-2.4007787789729775,-3.0750407046373893
2010-08-31,8.561788667575588,-1.8842114908762113,-3.1025670253659112
2010-09-30,8.276455193816757,-1.979032117045762,-2.5052279225535514
2010-10-31,8.43571360213412,-2.276804106649574,-2.9054894416723345
2010-11-30,8.640864914454347,-2.871887228983206,-3.674478171798087
2010-12-31,8.943147075685825,-3.2660465255768507,-3.472491359473306
2011-01-31,9.03467673746485,-3.5221469603777074,-2.674284736196258
2011-02-28,9.2989415057635,-3.7728837223255454,-2.8558702631846806
2011-03-31,9.598859132488261,-3.943837039404042,-3.9824921029109346
2011-04-30,9.362803302015946,-3.735294246251459,-3.6883100243766567
2011-05-31,9.178380062382438,-3.5213939369023652,-3.73077729857869
2011-06-30,9.145395058214543,-3.3935114018603816,-4.253164797984138
2011-07-31,9.18607421257528,-3.3574790939946952,-4.425543126011965
2011-08-31,8.718064543153668,-2.6040023965011567,-5.605069430669736
2011-09-30,8.821725849874255,-3.207269094824005,-2.3991795967101925
2011-10-31,9.068060281715491,-3.398597618680876,-2.9950633971447385
2011-11-30,9.098629233119699,-3.4198809128834515,-3.076290993609081
2011-12-31,9.206962723411177,-3.6231453220447953,-3.3944271313631265
2012-01-31,9.09426908326513,-3.3992747347843055,-3.55217264582219
2012-02-29,8.947259748841644,-3.171793470947189,-3.7938163068557493
2012-03-31,9.093292002567233,-3.3352957172667397,-3.6932516968764437
2012-04-30,9.050602717409667,-3.160291787704539,-4.295029075702361
2012-05-31,9.104564838112376,-3.0909012982295634,-5.194784618357194
2012-06-30,9.28793190635178,-3.063947482949251,-7.3722115602213245
2012-07-31,8.484084544391926,-2.485956412672687,-6.8511096723602884
2012-08-31,8.35708333355508,-2.7956339693119743,-6.120364796191513
2012-09-30,8.221191252598306,-2.7371371380010467,-6.096456392794893
2012-10-31,8.558756293300421,-3.0191719302110664,-6.838187886692107
2012-11-30,8.413149083921464,-2.9341954010486644,-6.199897059458271
2012-12-31,8.08993470152735,-2.5035327374846297,-5.855550222782874
2013-01-31,7.890625534929904,-2.2457533033774824,-5.537342714035387
2013-02-28,7.8966803717832725,-2.2622317920613537,-5.524500697449817
2013-03-31,7.998228396579565,-2.411960648616248,-5.348131208033319
2013-04-30,7.329783016205106,-1.8777584953936777,-3.355042455913557
2013-05-31,7.367218810806169,-2.010938341440123,-3.7799911210117414
2013-06-30,8.339088954965241,-3.3245001516709354,-1.2605301989428483
2013-07-31,8.396868998833714,-3.309420574415439,-1.5820262009821027
2013-08-31,8.786621367857867,-3.7702243852418382,-1.3412271248890484
2013-09-30,8.529771388074266,-3.4860391913640605,-1.1794077245982177
2013-10-31,8.256490064348528,-3.1487079777495466,-1.7604012751333362
2013-11-30,8.631397734491745,-3.5715355912524527,-1.8176346687946578
2013-12-31,8.72345077533264,-3.5026936034172835,-1.495748635261914
2014-01-31,8.846742913185349,-3.659428376312534,-0.6462577391843779
2014-02-28,8.677607885542402,-3.1517907604289177,1.7328288283461855
2014-03-31,8.738838091614744,-3.04143418480383,0.4596849503822039
2014-04-30,8.741777448466372,-3.067304176866661,-0.2925996480604267
2014-05-31,8.416323198058194,-2.614901552423366,-0.5017534742734754
2014-06-30,8.648880815272953,-2.8020867044388793,-0.8758988460410072
2014-07-31,8.603392289183885,-2.417731155580489,-1.6120681378111752
2014-08-31,8.569916609684164,-2.318454811418781,-1.9643410152508183
2014-09-30,8.264886977471848,-2.1879696305250023,-0.476560636246169
2014-10-31,8.139245766803418,-2.2618356328527693,0.1761591695367748
2014-11-30,8.011279028822122,-2.0702990552514997,-0.8858605939297546
2014-12-31,8.017801763904396,-1.8416212761250805,-1.0724306431176305
2015-01-31,7.554630095924052,-1.292336925212071,-1.4605042111031792
2015-02-28,7.617125961471795,-1.6313282021549653,-0.8984159707070002
2015-03-31,7.903884193883505,-2.163612412595906,-0.023408168928603423
2015-04-30,7.919015325950225,-2.27656010267944,0.2501329113222508
2015-05-31,8.152926618536934,-2.6082487690313054,0.643845281211494
2015-06-30,8.326336740421992,-2.83869441884746,1.4539834991569953
2015-07-31,8.24811828105737,-2.2494380238395197,0.45046966098362484
2015-08-31,8.358981770859597,-2.167269849566445,0.18137313523643905
2015-09-30,8.576647645570093,-2.3182916811048218,0.14691697972608608
2015-10-31,8.437804387508146,-2.167386100817179,-0.6088652930432372
2015-11-30,8.63446935872136,-2.2030825936217946,-0.5322896831739581
2015-12-31,9.41384185396652,-2.545783778308717,-0.03991403117067993
2016-01-31,9.675678922159666,-2.9942295522783193,2.0335991041210058
2016-02-29,9.418769956485642,-2.560661795857667,0.663527322171372
2016-03-31,9.442272790814998,-2.5245053145327208,0.7660045226434092
2016-04-30,9.294843608435963,-2.045480897921482,-0.1621431453495697
2016-05-31,9.521968725597304,-2.2664660835850703,-0.289345475385464
2016-06-30,9.29456446776015,-1.8609693056405203,-0.8117908383362102
2016-07-31,8.9740964674054,-1.2988418335304701,-1.5081862596853015
2016-08-31,8.940793247791552,-1.3026500037931097,-1.6927616580356304
2016-09-30,8.954421615346103,-1.2556743826551087,-1.8960167259591771
2016-10-31,9.063685837253988,-1.3867788830092438,-1.9520529747187019
2016-11-30,9.244134116667906,-1.424259897499931,-2.101839081726915
2016-12-31,9.299236710416746,-1.2976666202743852,-2.218149655045642
2017-01-31,9.4182361075522,-1.4391870028980809,-3.111642670295737
2017-02-28,9.466017266367976,-1.6437029512039585,-3.481128420355809
2017-03-31,9.397774062824848,-1.5057509497882426,-4.170100333044749
2017-04-30,9.696302954775641,-1.4974914703816946,-4.956299297795972
2017-05-31,9.753447079642202,-1.541301650994522,-5.308723325167571
2017-06-30,9.724953426194269,-1.6614126635610371,-5.440078967119153
2017-07-31,9.92853286940753,-1.9997299208313364,-5.362506106590775
2017-08-31,9.874666927541599,-1.9921970363952406,-5.884178680136582
2017-09-30,9.820918672190448,-1.9548563723139707,-6.271204760206671
2017-10-31,10.064496150513946,-2.093280958947937,-5.470690080239667
2017-11-30,10.292839467623761,-2.1927243525243636,-4.0444584360031435
2017-12-31,10.035963145503986,-1.7861549574266657,-4.234944722947225
2018-01-31,9.681671267517007,-1.4342584373980976,-6.057594129987644
2018-02-28,9.395296488458873,-1.3327111897493324,-6.124683850961258
2018-03-31,9.16206278138547,-1.1996108497210543,-6.069546789326395
2018-04-30,9.051550649265169,-1.3327378244131345,-4.818644672644651
2018-05-31,9.367781893564722,-1.7058256874388373,-4.254206888816109
2018-06-30,9.814364399294766,-2.208444080323521,-3.748753071937016
2018-07-31,9.616693728365684,-1.8922154154816524,-3.6467524490239906
2018-08-31,9.75841777757666,-1.9550136234479565,-3.642381408099279
2018-09-30,10.045458039877527,-2.5842992824988675,-1.6608991250959344
2018-10-31,10.229678298249592,-2.619908276929449,-2.490581387458013
2018-11-30,10.194090694230761,-2.313155401713776,-3.498324720619085
2018-12-31,10.321569786161637,-2.0698831742402426,-4.784767764041475
2019-01-31,10.100510785352505,-1.7653107443182257,-5.372207580912985
2019-02-28,10.064809435738386,-2.0193582140065756,-5.197371307363808
2019-03-31,10.038189071454369,-2.258395870471368,-4.851998221333615
2019-04-30,9.883022053831283,-2.008551835122697,-5.271392359152025
2019-05-31,10.032507166977979,-1.9551709082210529,-6.2826017450758105
2019-06-30,10.120567686615171,-2.025041184648604,-7.280651613911273
2019-07-31,9.926247422772569,-1.8954096262324907,-7.362482794008414
2019-08-31,10.115299107851435,-2.182024676263426,-6.679238752558401
2019-09-30,9.956196841820612,-2.1435081359632093,-6.505822288909638
2019-10-31,9.993583665246852,-2.218737044304425,-6.394967641355801
2019-11-30,10.2869887138195,-2.2804001211535283,-7.074742516091266
2019-12-31,10.362253762755218,-2.0489168651151344,-7.829868029839728
2020-01-31,10.245159741650749,-2.210106814564387,-7.918081982215537
2020-02-29,10.40382326374131,-3.6006880858713695,-5.007283598353344
2020-03-31,12.16329653594645,-6.182930660424286,-4.602972539875072
2020-04-30,12.615125736008753,-8.046286646221011,-3.6237780472612044
2020-05-31,11.948132539840268,-7.876694472198032,-6.978971162178649
2020-06-30,11.780035691362563,-7.591246378382845,-7.01633953125191
2020-07-31,12.28616084693055,-8.299516296397213,-7.998282420774146
2020-08-31,12.342583867061713,-8.701040995910047,-8.690233565869809
2020-09-30,12.316293084771681,-8.946014453606836,-8.599997258288584
2020-10-31,12.582369404841318,-9.078414996635606,-9.512518960245083
2020-11-30,12.073043256146004,-8.321880599921545,-9.610940733377603
2020-12-31,11.70707268201671,-7.7481024787912816,-8.326255156463667
2021-01-31,11.65370529525136,-7.498673447800861,-9.0387243100844
2021-02-28,11.261354452051226,-7.2493598270895525,-7.212172199870745
2021-03-31,11.772880833137137,-7.813552413701506,-6.056762374615513
2021-04-30,11.737583327953693,-7.680989498488522,-6.850068157401614
2021-05-31,11.454035637679084,-7.639830138715764,-6.249358039760259
2021-06-30,10.997955333710365,-7.166235068646305,-4.927052240415266
2021-07-31,11.111893366941851,-7.106859362654735,-4.97194158107162
2021-08-31,11.026637637602066,-7.177422720681925,-4.899313406754594
2021-09-30,11.132732938809454,-7.248611929408668,-5.055008253811256
2021-10-31,11.461810390993794,-7.7720269306617915,-3.8774276950312037
2021-11-30,11.303858992045665,-7.569314996627879,-3.049163655085098
2021-12-31,11.326930894228939,-7.15142044611644,-4.1408944721916665
2022-01-31,11.116129607295413,-6.884405806345184,-3.763788784516974
2022-02-28,10.693382019991287,-7.221490680715805,-1.3719165598860408
2022-03-31,11.360424176094682,-7.06003709023342,-3.2401256788928716
2022-04-30,11.488132211538224,-6.896919305357438,-3.8446675807853925
2022-05-31,11.712092629466042,-6.847822058595045,-4.014625808582672
2022-06-30,12.100480188854608,-6.648420779678057,-5.079978514159071
2022-07-31,12.345273702317295,-6.680409780346496,-3.273521748232867
2022-08-31,11.631899591249617,-5.4793342845058195,-2.973306185721479
2022-09-30,11.96747437749658,-5.630507417547623,-2.8634169004906678
2022-10-31,12.342854358774638,-5.400601522686195,-3.722971981677369
2022-11-30,11.95073569426071,-4.799088718364953,-4.16348330373418
2022-12-31,12.169210638335898,-4.480992950405648,-5.239830640252654
2023-01-31,11.586525875855585,-3.8986249271585596,-5.123770985158471
2023-02-28,11.851488637675766,-4.2158987741353044,-5.6552595352360395
2023-03-31,11.82944256648148,-4.364397815567933,-2.939483315682166
2023-04-30,11.925417559665881,-3.597592695208257,-3.9276194257520936
2023-05-31,12.477874893709997,-4.011905534801861,-2.2800638854710424
2023-06-30,12.535187690217505,-3.469075205086284,-3.209550333724935
2023-07-31,12.47102378436992,-3.141482221569004,-5.000384311710176
2023-08-31,12.504629744204857,-3.386938145640957,-5.321659317957229
2023-09-30,12.854999514110203,-3.8834687727088593,-5.207585376592481
2023-10-31,13.136038346666915,-4.024755244052354,-5.154441395740299
2023-11-30,12.53879477181741,-3.2425719652251113,-5.766214627125406
2023-12-31,12.382998088464031,-2.9891431241959605,-6.429248314875689
2024-01-31,12.32220036311562,-2.824405294092129,-6.870696530058736
2024-02-29,12.548254876466581,-3.2620506603384785,-6.592309851223962
2024-03-31,12.871219525345698,-3.772864228423077,-6.448796989399217
2024-04-30,13.105411178529469,-4.198697920201798,-5.469981635329128
2024-05-31,12.858995448167471,-3.723398989191513,-5.583994492132249
2024-06-30,12.459243145569882,-3.137845803929719,-5.974329794901367
2024-07-31,11.804944422827395,-2.553534142675005,-6.240298897180436
2024-08-31,11.56337252400586,-2.529709713086482,-6.816593624941038
2024-09-30,11.121504134354526,-2.1686792025703734,-6.628310189443187
2024-10-31,11.293658640503748,-2.5902772501415123,-5.715949167903735
2024-11-30,11.186965709353837,-2.5900067189270173,-5.277966013414207
2024-12-31,11.031383872179706,-2.4650245297180526,-5.158705367649199
2025-01-31,11.220788096534193,-2.7735264785377707,-4.967354934813239
2025-02-28,11.758827898705428,-3.9155739342197187,-3.9430774796641748
2025-03-31,11.911825670110526,-4.148436659447295,-4.242604083371128
2025-04-30,12.521137810469732,-4.65908265300494,-5.5329126382703295
2025-05-31,12.21096906201291,-4.3006288043841625,-5.976121186546285
2025-06-30,11.66350098970785,-3.8228829206534147,-5.553937051371987
2025-07-31,11.480096186406842,-3.6486486504179787,-5.786341950598543
2025-08-31,11.165806759302672,-3.594786699918278,-5.329101557864894
2025-09-30,10.847832490298972,-3.323995708730493,-5.254183391365553
2025-10-31,10.399189875072182,-2.9062811697058377,-4.7606776021621275
2025-11-30,9.85993732798094,-2.5522419485793333,-3.8952709581112726
2025-12-31,9.49131054445137,-2.3010614330567694,-3.5331600045383094
2026-01-31,9.365197316796548,-2.0310544980779928,-4.311273404688858
2026-02-28,8.8814338632728,-1.7973384478902124,-3.494447748687762
2026-03-31,9.515688545150024,-2.505065204647201,-2.300919177836022
2026-04-30,9.330666297893341,-2.0215368032194396,-1.7449759179436315
2026-05-31,9.39357841063439,-2.092270260119429,-1.5651638088364472
