Date,y_3m,y_6m,y_9m,y_12m,y_18m,y_48m,y_90m,y_150m,y_300m
1994-01-31,10.41815058114429,,,,10.84,11.52,12.07,12.21,
1994-02-28,10.420975138077903,,,,11.33,12.05,12.56,12.8,
1994-03-31,10.395586706858214,,,,11.31,12.12,12.73,12.99,
1994-04-30,10.58451214274841,,,,11.45,12.47,12.97,13.24,
1994-05-31,10.983167665477636,,,,11.74,12.74,13.02,13.76,
1994-06-30,11.154097853293965,,,,12.38,13.65,14.11,14.46,
1994-07-31,11.037927585772682,,,,13.0,14.39,14.83,15.11,
1994-08-31,11.045267151256349,,,,13.35,15.18,15.62,15.87,
1994-09-30,11.145565640833947,,,,15.24,16.29,16.59,16.89,
1994-10-31,12.138986349071121,,,,15.96,16.59,16.65,16.91,
1994-11-30,12.571266388503535,,,,15.93,16.6,16.62,16.94,
1994-12-31,12.865440113856984,,,,15.77,16.49,16.48,16.8,
1995-01-31,13.113989185027881,,,,15.87,16.67,16.72,17.02,
1995-02-28,13.323334245300739,,,,15.88,16.6,16.61,16.82,
1995-03-31,13.44161830769002,,,,15.78,16.44,16.54,16.72,
1995-04-30,13.394677442046103,,,,15.53,16.44,16.63,16.82,
1995-05-31,14.202629664666171,,,,15.95,16.8,16.99,16.95,
1995-06-30,14.303725956540221,,,,15.93,16.62,16.74,16.78,
1995-07-31,14.48857494034409,,,,15.91,16.44,16.59,16.62,
1995-08-31,14.36515344538423,,,,15.23,15.78,15.89,15.96,
1995-09-30,14.490870696730799,,,,15.1,15.23,15.44,15.49,
1995-10-31,14.325542022567078,,,,14.44,14.81,15.07,15.15,
1995-11-30,14.108638437972687,,,,14.0,14.09,14.36,14.39,
1995-12-31,14.439588812003846,,,,14.15,14.26,14.52,14.56,
1996-01-31,14.531314852162504,,,,13.38,13.5,13.68,13.77,
1996-02-29,14.421530222541024,,,,13.58,13.82,14.04,14.1,
1996-03-31,14.658413741444013,,,,14.07,14.75,14.95,15.04,
1996-04-30,14.823529940724457,,,,14.34,15.12,15.62,15.78,
1996-05-31,16.51919857643151,,,,16.19,16.08,16.31,16.53,
1996-06-30,16.452428014945507,,,,14.82,14.94,15.52,15.78,
1996-07-31,15.6015393301363,,,,14.68,14.7,15.14,15.39,
1996-08-31,16.53379228112526,,,,15.28,15.3,15.51,15.82,
1996-09-30,15.88740186858923,,,,14.84,14.96,15.13,15.42,
1996-10-31,15.599540623144184,,,,15.19,15.28,15.52,15.8,
1996-11-30,15.858548203266897,,,,15.82,15.81,15.93,16.18,
1996-12-31,16.591198038647608,,,,15.95,15.99,15.95,16.19,
1997-01-31,16.910245069859407,,,,15.67,15.82,15.65,15.82,
1997-02-28,16.440688052924457,,,,14.79,14.74,14.84,15.03,
1997-03-31,16.46204820838407,,,,14.96,14.9,14.97,15.16,
1997-04-30,16.411936965051854,,,,15.04,15.05,15.05,15.24,
1997-05-31,16.322075063229526,,,,14.96,14.89,14.92,15.08,
1997-06-30,16.082936067066512,,,,14.69,14.58,14.62,14.72,
1997-07-31,15.66910690474645,,,,14.23,14.08,14.19,14.21,
1997-08-31,15.353654146326972,,,,14.09,14.02,14.15,14.24,
1997-09-30,15.277344087378838,,,,14.07,13.99,14.07,14.18,
1997-10-31,15.10644655106048,,,,14.09,13.89,13.94,14.05,
1997-11-30,15.09336651930046,,,,14.52,14.43,14.43,14.5,
1997-12-31,15.202228995253224,,,,14.14,14.06,14.01,14.14,
1998-01-31,14.96850956052641,,,,13.72,13.57,13.52,13.61,
1998-02-28,14.526014900968786,,,,13.55,13.36,13.34,13.49,
1998-03-31,13.667152830783136,,,,13.11,13.02,13.08,13.33,
1998-04-30,13.329600321221523,,,,12.51,12.54,12.65,12.92,
1998-05-31,13.452973843139665,,,,13.11,13.19,13.18,13.46,
1998-06-30,16.70512356421326,,,,14.65,14.72,14.48,14.6,
1998-07-31,19.93498692491248,,,,16.45,16.54,15.93,15.89,
1998-08-31,20.765326967334655,,,,18.11,18.02,17.25,16.95,
1998-09-30,22.87275757309926,,,,19.79,19.76,18.38,18.3,
1998-10-31,20.441231728719078,,,,17.35,17.38,16.5,16.51,
1998-11-30,18.587633772215515,,,,16.36,16.41,16.02,16.05,
1998-12-31,17.969309621105296,,,,16.91,16.99,16.42,16.36,
1999-01-31,17.104362229499362,,,,16.46,16.0,16.26,15.89,
1999-02-28,16.16904725887441,,,,14.93,14.89,15.19,14.88,
1999-03-31,15.177198494689376,,,,14.17,14.38,14.71,14.54,
1999-04-30,14.241356961401767,,,,14.17,14.27,14.68,14.58,
1999-05-31,13.988194013608949,,,,14.69,14.9,15.21,15.14,
1999-06-30,13.710455479059979,,,,14.16,14.49,14.93,14.93,
1999-07-31,12.477045794360677,,,,13.59,14.26,14.79,14.97,
1999-08-31,12.031596073560472,,,,14.13,14.65,15.16,15.28,
1999-09-30,11.493872483036977,,,,13.72,14.63,15.12,15.35,
1999-10-31,11.057338898604872,,,,13.56,14.29,14.8,15.0,
1999-11-30,11.004388496824108,,,,13.19,13.75,14.23,14.3,
1999-12-31,10.995467079196567,,,,12.92,13.48,13.95,13.96,
2000-01-31,10.420424258713036,,,,12.17,12.98,13.43,13.49,
2000-02-29,10.028039837596012,,,,12.24,12.98,13.31,13.5,
2000-03-31,10.093130882551868,,,,12.58,13.46,13.75,13.92,
2000-04-30,10.131902490359968,,,,12.66,13.76,14.09,14.27,
2000-05-31,10.490454170046634,,,,13.12,14.2,14.62,14.79,
2000-06-30,10.553773065367299,,,,12.8,13.82,14.2,14.33,
2000-07-31,10.501794402930008,,,,11.98,13.29,13.7,13.9,
2000-08-31,10.41270940350162,,,,11.46,12.85,13.22,13.52,
2000-09-30,10.4248874766358,,,,11.67,13.02,13.42,13.72,
2000-10-31,10.45400765341675,,,,11.77,12.97,13.34,13.72,
2000-11-30,10.484784287932374,,,,11.65,12.66,13.05,13.4,
2000-12-31,10.468548671466078,,,,11.23,12.18,12.57,12.88,
2001-01-31,10.412304559725937,,,,10.8,11.91,12.61,12.61,
2001-02-28,10.381505031456712,,,,10.54,11.31,11.94,11.97,
2001-03-31,10.430928197892468,,,,10.57,11.25,11.82,11.79,
2001-04-30,10.614089066089244,,,,10.96,11.55,12.14,12.17,
2001-05-31,10.657380671623281,,,,10.81,11.31,11.9,11.93,
2001-06-30,10.240544557190566,,,,10.31,10.77,11.3,11.32,
2001-07-31,9.764362447414129,,,,9.74,10.43,10.92,10.9,
2001-08-31,9.592110519159972,,,,9.3,10.12,10.71,10.75,
2001-09-30,9.459624625007097,,,,9.22,10.07,10.77,10.81,
2001-10-31,9.067490781416625,,,,9.16,9.98,10.62,10.73,
2001-11-30,8.954384144371973,,,,8.89,9.54,10.19,10.27,
2001-12-31,9.420983921437383,,,,10.2,11.15,11.71,11.63,
2002-01-31,9.665108334848975,10.178567403029632,,,10.11,11.09,11.63,11.61,
2002-02-28,9.65441918787187,10.558034800173267,,,10.66,11.35,11.91,11.89,
2002-03-31,10.16893528289867,11.160996488293781,,,11.13,12.16,12.67,12.63,
2002-04-30,10.887734484485893,11.724213728203205,,,11.36,12.31,12.58,12.47,
2002-05-31,11.475735251551091,11.95277097042982,,,11.57,11.88,11.87,11.66,
2002-06-30,11.773659640432014,12.114059299903035,,,11.77,11.71,11.83,11.6,
2002-07-31,11.700925220036853,12.07208784263181,,,11.42,11.45,11.42,11.15,
2002-08-31,11.76527155908919,12.137450586114213,,,11.42,11.5,11.39,11.08,
2002-09-30,12.487894472689858,12.999599363883304,,,12.08,12.24,11.76,11.35,
2002-10-31,13.021678087845894,13.602947271381517,,,12.32,12.6,11.78,11.27,
2002-11-30,12.54999415349319,13.074163141611663,,,11.57,11.7,11.16,10.86,
2002-12-31,12.653494541715215,12.634929023404572,,,11.07,11.07,10.71,10.44,
2003-01-31,12.73660985154219,12.613276569215115,,,11.0,11.39,10.54,10.17,
2003-02-28,13.037520400361872,12.46622184620345,,,11.03,11.08,10.35,9.94,
2003-03-31,13.15067863362092,12.808988502048457,,,10.94,10.97,10.31,10.0,
2003-04-30,13.16025086308571,13.150062540528475,,,11.01,10.85,10.17,9.93,
2003-05-31,12.95945948297918,12.811600422324359,,,10.57,10.57,9.87,9.76,
2003-06-30,11.528779719163499,11.038826085064064,,,9.45,9.48,9.12,9.26,
2003-07-31,11.19744152889451,10.270331140094454,,,8.98,9.07,9.32,9.57,
2003-08-31,10.517185718542915,10.146299157821135,,,9.11,9.43,9.48,9.59,
2003-09-30,9.643617664116526,9.373331742979449,,,8.94,9.1,9.43,9.61,
2003-10-31,8.396229146691093,8.041893743581568,,,8.19,8.67,8.93,9.13,
2003-11-30,7.844475085172153,7.570588214689651,,,8.03,8.53,8.96,9.28,
2003-12-31,7.441374573298025,7.2334837225149755,,,7.89,8.66,8.92,9.15,
2004-01-31,7.748384139473793,7.8686097380089,,,8.53,8.93,9.12,9.27,
2004-02-29,7.649835254648924,7.878648775330385,,,8.6,9.15,9.25,9.4,
2004-03-31,7.869904372241678,8.11356107529935,,,8.66,9.32,9.42,9.6,
2004-04-30,7.923019472449243,8.228389678683929,,,8.98,9.62,9.67,9.85,
2004-05-31,7.862771058124851,8.259507559603442,,,9.33,10.0,10.04,10.24,
2004-06-30,7.988808249041965,8.334985752818652,,,9.34,9.98,10.07,10.38,
2004-07-31,8.048318135286419,8.306671019881467,,,8.86,9.47,9.69,10.08,
2004-08-31,7.585596315560485,7.750805740320416,,,8.14,8.87,9.2,9.72,
2004-09-30,7.249087469033426,7.316314548111283,,,7.6,8.39,8.75,9.28,
2004-10-31,7.409788019666824,7.442463543002445,,,7.61,8.41,8.69,9.16,
2004-11-30,7.385054171043387,7.4118548767915,,,7.32,8.04,8.44,8.96,
2004-12-31,7.408524659114064,7.265691841793298,,,7.21,7.67,8.05,8.38,
2005-01-31,7.421214473415273,7.358435390155533,,,7.31,7.63,7.93,8.2,
2005-02-28,7.360123887147582,7.365063096989358,,,7.23,7.4,7.6,7.85,
2005-03-31,7.327719067085557,7.344464851849716,,,7.52,7.77,8.05,8.21,
2005-04-30,7.0742057933804645,7.095674235338951,,,7.65,8.01,8.45,8.45,
2005-05-31,6.8647109297992746,6.908883147261232,,,7.52,7.93,8.4,8.4,
2005-06-30,6.873401103340548,6.912735529598466,,,7.33,7.67,8.06,8.08,
2005-07-31,6.849623376012348,6.899466814940518,,,7.38,7.7,8.09,8.12,
2005-08-31,6.834107277452454,6.866960699091809,,,7.25,7.57,7.92,7.9,
2005-09-30,6.853124607620809,6.943559739691882,,,7.48,7.79,8.07,8.04,
2005-10-31,6.910505624198738,7.139669120716213,,,7.69,7.9,8.14,8.1,
2005-11-30,7.006840147830005,7.303556028960985,,,7.56,7.72,7.93,7.88,
2005-12-31,6.937554313174392,7.081524612595277,,,7.27,7.4,7.6,7.57,
2006-01-31,6.851883254992138,6.986386341005539,,,7.1,7.24,7.41,7.37,
2006-02-28,6.788825585401444,6.9324633960386635,,,7.07,7.19,7.29,7.26,
2006-03-31,6.635176166869914,6.780552220110392,,,7.06,7.26,7.42,7.36,
2006-04-30,6.761172113784814,6.920382348675379,,,7.13,7.23,7.44,7.46,
2006-05-31,6.920853433627573,7.098016200395845,,,7.28,7.4,7.63,7.63,
2006-06-30,7.241625001462932,7.53742425723038,,,7.95,8.08,8.3,8.29,
2006-07-31,7.412181776880656,7.909741308597353,,,8.43,8.46,8.59,8.58,
2006-08-31,7.8375185669911405,8.449274483810408,,,8.61,8.51,8.66,8.59,
2006-09-30,7.903111145440203,8.662254154370235,,,8.85,8.66,8.72,8.64,
2006-10-31,8.39358628384312,8.929064758533356,,,8.92,8.6,8.45,8.39,
2006-11-30,8.4032076563754,8.845173113879323,,,8.67,8.19,8.01,7.87,
2006-12-31,8.571968899654225,9.032782020180294,,,8.87,8.28,7.97,7.81,
2007-01-31,8.896909080901722,9.089905022144476,,,8.78,8.17,7.81,7.65,
2007-02-28,8.84761929918899,8.945291564694562,8.921665609714106,,8.73,7.98,7.65,7.5,
2007-03-31,8.456133288074314,8.679265734965316,8.729230987003406,,8.72,8.04,7.68,7.59,
2007-04-30,8.454529280052995,8.736518999524927,8.735778456221873,,8.8,8.08,7.72,7.64,
2007-05-31,8.679212718631733,8.81163526721301,8.932482838016075,,8.85,8.06,7.68,7.58,
2007-06-30,9.223742762638349,9.56151571214086,9.72731297522237,,9.54,8.8,8.22,8.1,
2007-07-31,9.236365806487626,9.819080883882526,10.000590743020625,,9.75,9.03,8.42,8.34,
2007-08-31,9.340245589656147,10.013085049012732,10.085947956900187,,9.84,9.26,8.52,8.37,
2007-09-30,9.534288589825083,10.108842178768839,10.317001573534704,,9.85,9.22,8.53,8.45,
2007-10-31,10.011974419210922,10.316589446432364,10.483339917048797,,9.74,8.87,8.2,8.12,
2007-11-30,10.485189274331464,10.554199268414656,10.728027305638316,,10.33,9.13,8.28,8.19,
2007-12-31,10.756127597141287,10.776018048033583,10.958401911884405,,10.56,9.41,8.46,8.29,
2008-01-31,10.754681834675353,10.991065659140274,11.200373576092316,,10.59,9.33,8.51,8.36,
2008-02-29,10.591695957032963,10.794982633045924,11.00072032956041,,10.51,9.35,8.78,8.69,
2008-03-31,10.447731404869524,10.942218713857411,11.140844939378894,,10.4,9.66,9.18,9.16,
2008-04-30,10.535235527637221,11.17770413636089,11.467944353877348,,10.52,9.9,9.22,9.15,
2008-05-31,10.891110596515185,11.803600720660507,12.118854721901378,,11.26,10.7,9.61,9.51,
2008-06-30,11.754235129211805,12.524057004594656,12.922705481835358,,12.31,11.62,10.42,10.35,
2008-07-31,11.709948192502326,12.354715326515883,12.816714961321908,,11.87,11.09,10.11,10.1,
2008-08-31,11.680526910112597,11.853056127625884,12.174465260654967,,10.85,9.92,9.24,9.2,
2008-09-30,11.46754781180907,11.526024327864276,11.743386648211594,,10.99,9.78,9.09,9.04,
2008-10-31,11.234230603187898,11.266279889730614,11.300732662335308,,11.28,9.69,9.24,9.24,
2008-11-30,11.15208259411242,10.88831014687281,10.761696247467507,,10.73,8.95,8.57,8.58,
2008-12-31,11.066287127815082,10.118956726266303,9.65530885928364,,9.87,7.82,7.81,7.82,
2009-01-31,10.94698679308881,9.905449046920252,9.375959195796714,,7.26,7.63,7.56,7.85,
2009-02-28,9.44129026055623,8.588533010435345,8.137724106368985,,6.77,7.77,7.81,8.26,
2009-03-31,8.794056889622826,7.912650216013835,7.609803558191252,,6.72,7.94,7.94,8.43,
2009-04-30,8.454529280052995,7.58163216141835,7.367004006901017,,6.61,8.09,8.03,8.57,
2009-05-31,7.828675334979839,7.590405493431521,7.552186048275782,,6.28,8.29,8.19,8.7,
2009-06-30,7.358983150167387,7.362304486592928,7.451356928086946,,6.92,8.46,8.36,8.88,
2009-07-31,7.525252262115913,7.689500606410792,7.8900404103525075,,7.38,8.7,8.61,9.11,
2009-08-31,7.29179461324665,7.514172721481097,7.620975180175185,,7.72,8.35,8.29,8.8,
2009-09-30,7.061364941027085,7.318033432064725,7.416590903052505,,7.42,8.19,8.13,8.7,
2009-10-31,7.067562814290362,7.382878397280916,7.6540866554668066,,7.59,8.57,8.5,9.11,
2009-11-30,7.135521646004899,7.4410073591017865,7.741741349374211,,7.48,8.45,8.38,9.0,
2009-12-31,7.198151186815312,7.604929790485801,7.886821337585926,,7.56,8.45,8.39,9.03,
2010-01-31,7.2362356111754895,7.595575839016067,7.828193375118221,,7.7,8.62,8.54,9.24,
2010-02-28,7.202900557201809,7.43136341339035,7.527002457966521,,7.47,8.37,8.31,9.11,
2010-03-31,7.0749386703678265,7.277118488340812,7.430011850329795,,7.28,8.12,8.14,8.92,
2010-04-30,6.696935438260365,6.717728006342555,6.8859752303142985,,6.95,7.79,7.85,8.75,
2010-05-31,6.692639004591442,6.716019036023918,6.8653072487470945,,7.08,8.01,8.08,8.97,
2010-06-30,6.650057074399121,6.716019036023918,6.856907211097819,6.859151037727232,6.95,7.91,8.01,8.99,
2010-07-31,6.5841116825244965,6.621246967043335,6.777753849748258,6.8346358335070425,6.7,7.63,7.72,8.78,
2010-08-31,6.519885950901394,6.5768326350702235,6.541968754773351,6.669998875627842,6.37,7.29,7.39,8.17,
2010-09-30,6.176055808446183,6.2760442766887525,6.3889803540743,6.433476670333513,6.16,7.12,7.23,7.92,
2010-10-31,6.063371319813488,6.12784010821156,6.203536546528956,6.217636793313888,6.12,7.08,7.22,8.03,
2010-11-30,5.726767910605049,5.759234108822115,5.684107138714079,5.669557497343174,5.95,6.89,7.12,8.12,
2010-12-31,5.6651506090596495,5.734408706691635,5.789002939922473,5.801922813201149,5.96,7.14,7.41,8.38,
2011-01-31,5.619963266928942,5.710402935439763,5.809205392182869,5.879661737814321,6.13,7.38,7.6,8.52,
2011-02-28,5.60987905991249,5.744989295033498,5.903386209606568,6.010759630597793,6.02,7.58,7.81,8.7,
2011-03-31,5.574884808677147,5.743361441565779,5.8997171693050925,6.047861787931159,5.89,7.44,7.82,8.94,
2011-04-30,5.539819235036092,5.727278922344745,5.89503201686088,6.057714106679563,5.82,7.34,7.72,8.73,
2011-05-31,5.526357552085712,5.676675453201636,5.906566200543754,6.114783147253213,5.68,7.19,7.59,8.56,
2011-06-30,5.540283986231346,5.665661328590045,5.929393701665687,6.094374746663255,5.51,7.08,7.46,8.5,
2011-07-31,5.563814435161651,5.745396262414614,5.977332254264948,6.124886355870619,5.52,7.08,7.45,8.55,
2011-08-31,5.566186607319195,5.750279996234776,5.964740161820568,6.122288204671433,5.01,6.52,6.85,8.1,
2011-09-30,5.566186607319195,5.750279996234776,5.964740161820568,6.122288204671433,6.38,6.77,7.95,8.25,
2011-10-31,5.566186607319195,5.750279996234776,5.964740161820568,6.122288204671433,6.35,6.75,8.08,8.41,
2011-11-30,5.566186607319195,5.750279996234776,5.964740161820568,6.122288204671433,6.35,6.77,8.03,8.47,
2011-12-31,5.526785780002805,5.650684007003804,5.8252947766616625,5.883117370294677,6.3,6.81,8.01,8.51,
2012-01-31,5.545628701333222,5.751549804903848,5.890576856219788,5.920919865112349,6.23,6.71,7.93,8.4,
2012-02-29,5.580167170731959,5.742661472473184,5.887088758720544,5.969394259795227,6.05,6.6,7.8,8.23,
2012-03-31,5.621545148697284,5.764118497854233,5.891331515635265,6.000750087478936,6.12,6.78,7.9,8.37,
2012-04-30,5.643297270888687,5.804164406113784,5.895829150062579,6.014930284435954,5.94,6.63,7.79,8.28,
2012-05-31,5.641319709091455,5.791801071526674,5.860732427278629,5.9683580194437225,5.77,6.43,7.67,8.28,
2012-06-30,5.657140741919845,5.712843945104816,5.7317769909788945,5.686733778353275,5.17,6.17,7.5,8.16,
2012-07-31,5.446031362382038,5.442244137549813,5.446245974773945,5.395492361775154,4.93,5.68,6.84,7.52,
2012-08-31,5.117942708978369,5.163045493141315,5.164371371044989,5.127090863481172,4.99,5.58,6.76,7.48,
2012-09-30,5.002027657720558,5.079649075413391,5.0940465293551,5.075342963229552,4.91,5.43,6.6,7.4,
2012-10-31,5.0008412061655365,5.068649962717695,5.078033255897114,5.054395548830307,4.92,5.43,6.72,7.67,
2012-11-30,4.991744091072868,5.076886083475628,5.110869626506385,5.087160508305502,5.06,5.47,6.66,7.64,
2012-12-31,5.048403742225143,5.186396059990148,5.240249690822707,5.221477702721501,4.94,5.43,6.5,7.37,
2013-01-31,5.1207041804127424,5.263048503170842,5.233279289916234,5.252175017734063,5.09,5.35,6.39,7.26,
2013-02-28,5.104135914959924,5.2278136807682065,5.24823220064149,5.2430176464126985,5.16,5.28,6.4,7.29,
2013-03-31,5.109691393037957,5.218163334500996,5.257233189275819,5.263783737647077,5.21,5.42,6.49,7.39,
2013-04-30,5.183971025462844,5.288024813768365,5.325606748316565,5.381492141761716,5.3,5.69,6.19,6.97,
2013-05-31,5.098219004830715,5.154952336317343,5.1457032883194245,5.17002850000933,5.19,5.6,6.09,6.96,
2013-06-30,5.187484045001568,5.345884338085572,5.548141626241779,5.647808867019405,6.12,6.85,7.41,7.94,
2013-07-31,5.189621626301916,5.391910533175515,5.5681816272060045,5.694942190023356,6.07,6.8,7.41,7.98,
2013-08-31,5.157064425751901,5.457372465060041,5.6172904434251985,5.833956490061554,6.27,7.08,7.74,8.37,
2013-09-30,5.123367063425242,5.48211904974844,5.65669780207849,5.87284452808793,6.15,6.95,7.59,8.15,
2013-10-31,5.101476936489093,5.386052398584612,5.552510758827813,5.734252013694172,5.92,6.61,7.26,7.87,
2013-11-30,5.1396409960001215,5.3627433287849495,5.546299023874462,5.767536958504311,6.08,6.83,7.56,8.18,
2013-12-31,5.204938519011418,5.655548525063554,5.853808944241744,5.979547480863645,6.22,7.02,7.73,8.32,
2014-01-31,5.294989506288982,5.742661472473184,5.965176649702633,6.211980458171964,6.49,7.31,8.03,8.48,
2014-02-28,5.64029797636381,6.300225545460668,6.840902023954516,7.108956651156457,7.16,7.82,8.4,8.67,
2014-03-31,5.809338638546835,6.310935186402642,6.589515879577619,6.854585287404124,6.98,7.68,8.3,8.52,
2014-04-30,5.815382803495318,6.141097943144149,6.397104957076318,6.59983269717876,6.77,7.56,8.15,8.41,
2014-05-31,5.818395596734288,6.171867129752077,6.441697255920087,6.614065160225913,6.62,7.29,7.83,8.16,
2014-06-30,5.8778075735299735,6.115109978647175,6.481334263844551,6.646970289868091,6.67,7.32,7.97,8.34,
2014-07-31,6.12203685711242,6.320912935800645,6.532042713507271,6.708433522385295,6.69,7.18,7.88,8.25,
2014-08-31,6.096887883797785,6.353926758065717,6.554292692112522,6.663174556871367,6.61,7.06,7.79,8.21,
2014-09-30,6.09070418585881,6.362867843810277,6.567499314478277,6.681829758330497,6.93,7.24,7.64,8.16,
2014-10-31,5.98426714869258,6.279542292255838,6.492938985311523,6.574537603067894,6.97,7.29,7.65,8.06,
2014-11-30,5.915093906182455,6.154092626997906,6.350913407427791,6.364424077404679,6.65,6.92,7.35,7.86,
2014-12-31,6.133994015902169,6.325831232773665,6.492694655586806,6.477433183100535,6.72,6.98,7.39,7.84,
2015-01-31,6.0989687894658715,6.295413154039707,6.388478479002278,6.405572184072127,6.38,6.61,6.96,7.39,
2015-02-28,5.971895881064721,6.145075448448591,6.2224300102065335,6.238214859848814,6.52,6.74,7.02,7.49,
2015-03-31,5.881140352424707,6.112319090326716,6.2153293202770845,6.282745236661515,6.81,7.08,7.37,7.81,
2015-04-30,5.879217044789178,6.046993000045722,6.153098753970362,6.19363909628624,6.92,7.15,7.4,7.84,
2015-05-31,5.805884213279877,6.041917756245121,6.260467859016195,6.319429717194078,7.05,7.32,7.68,8.08,
2015-06-30,5.846804126482979,6.045719551803384,6.44037884982832,6.620428648452585,7.27,7.6,7.96,8.33,
2015-07-31,6.1267942632361,6.4506330150343,6.63653590906081,6.777991431617068,7.15,7.47,7.84,8.18,
2015-08-31,6.2593803000698784,6.619934811642216,6.811387632549993,6.84728089628345,7.22,7.55,7.9,8.28,
2015-09-30,6.337321611883801,6.684354779063738,6.885574630283602,7.018720806911015,7.32,7.68,8.11,8.47,
2015-10-31,6.250129155020687,6.586350993726331,6.734489522805377,6.821846213088706,7.04,7.4,7.84,8.28,
2015-11-30,6.432738432167624,6.7373831907814745,6.91794085595442,7.032022250960149,7.23,7.61,8.03,8.49,
2015-12-31,6.851314304228748,7.297462405581387,7.670337647426759,7.645852632510093,7.98,8.31,8.82,9.34,
2016-01-31,6.978571998149256,7.5111590139592845,7.827538299443771,8.092829620060465,8.41,9.13,9.5,9.62,
2016-02-29,7.053495140530553,7.428531346433438,7.645111913091058,7.708244479161332,8.07,8.71,9.08,9.23,
2016-03-31,7.1666354373452466,7.437247563537383,7.670540189592554,7.8211006193800685,8.17,8.76,9.13,9.27,
2016-04-30,7.309211740988983,7.630913409859103,7.745322754736716,7.845257006949403,7.97,8.53,8.91,9.07,
2016-05-31,7.288062564859536,7.633068527915143,7.8465724431584,7.938344794765696,7.97,8.65,9.04,9.29,
2016-06-30,7.327045101413354,7.673199353856674,7.891575503607854,8.010395345004506,7.7,8.42,8.8,9.05,
2016-07-31,7.487998601300239,7.719004289837996,7.822833712626893,7.925050587696271,7.57,8.09,8.45,8.72,
2016-08-31,7.431588204268489,7.63680417158135,7.7784966790698284,7.8024516601878275,7.56,7.96,8.36,8.7,
2016-09-30,7.427342890726489,7.694723796786708,7.797273521199377,7.868513936308719,7.48,7.92,8.38,8.68,
2016-10-31,7.483608438732657,7.63949822858226,7.778496679069828,7.773901335517251,7.58,7.99,8.45,8.76,
2016-11-30,7.619747362144874,7.76605927915275,7.861161855524991,7.9443472926397805,7.69,8.12,8.57,8.94,
2016-12-31,7.756743004238157,7.9153243143236915,8.04936424612485,8.082948064497794,7.71,8.19,8.69,8.95,
2017-01-31,7.604699752396711,7.770657356337955,7.86181724249855,7.920645782696703,7.73,7.97,8.42,8.75,9.49
2017-02-28,7.3981520995086525,7.610765214812195,7.709479572247403,7.742465045929095,7.56,7.84,8.33,8.74,9.53
2017-03-31,7.362716494889944,7.609364683135068,7.617846947969587,7.635004200546332,7.34,7.65,8.16,8.6,9.44
2017-04-30,7.55135806296765,7.784018133051694,7.802507355360782,7.818735178540543,7.47,7.7,8.22,8.82,9.77
2017-05-31,7.574224548994197,7.710052074114263,7.737953521826339,7.742241895076493,7.48,7.64,8.05,9.09,9.69
2017-06-30,7.479182089343894,7.519476275940427,7.55752353905362,7.539515657932673,7.44,7.55,7.91,9.06,9.66
2017-07-31,7.46267482880513,7.386479829423576,7.465746482870441,7.466524996638798,7.55,7.67,8.05,9.25,9.84
2017-08-31,7.303658292560699,7.3373012015025685,7.343665062780322,7.308190098837003,7.32,7.49,7.88,9.12,9.79
2017-09-30,7.225118087642096,7.256581462101633,7.270926168182,7.242918723734021,7.14,7.34,7.75,9.04,9.72
2017-10-31,7.388212224157154,7.530444662498199,7.577694981424742,7.571578763748827,7.47,7.76,8.13,9.4,9.95
2017-11-30,7.5909949318925065,7.843878180054573,8.05958347636017,8.141365226777507,8.02,8.25,8.62,9.77,10.27
2017-12-31,7.680081764588162,7.976710495414138,8.04326030362745,8.125371112442263,7.88,8.15,8.43,9.47,10.04
2018-01-31,7.457015503672423,7.610520365257514,7.711428762604537,7.686847874489632,7.15,7.41,7.79,8.99,9.6
2018-02-28,7.247118180266484,7.432080404601732,7.493165690517225,7.491246730460894,6.81,7.15,7.58,8.73,9.25
2018-03-31,7.189084513793385,7.310083832074155,7.338875045414493,7.31079259243408,6.7,7.0,7.41,8.49,9.02
2018-04-30,7.102528288164331,7.265032511187277,7.319374553758112,7.320123619581137,6.93,7.17,7.53,8.49,8.96
2018-05-31,7.130455234041439,7.336649985042486,7.444467194089746,7.452883037807987,7.28,7.48,7.83,8.86,9.3
2018-06-30,7.159851861507304,7.3856654243047055,7.610335500138875,7.705041726575367,7.58,7.87,8.24,9.33,9.76
2018-07-31,7.194971917964073,7.505777610526378,7.734314581070612,7.848322120686866,7.44,7.85,8.12,9.16,9.59
2018-08-31,7.252441899373288,7.615907188522512,7.8386660062650275,7.9154811337689575,7.61,7.89,8.31,9.28,9.73
2018-09-30,7.273767922802525,7.68464587204006,7.925049761869323,8.025821684129701,8.05,8.57,9.13,9.54,10.02
2018-10-31,7.325295956735112,7.720078847906541,7.990632253224154,8.081932670782868,7.82,8.55,9.21,9.63,10.12
2018-11-30,7.4565233958529324,7.850514821785449,8.015540219831866,8.13679117713572,7.47,8.43,9.1,9.52,9.99
2018-12-31,7.63656585929558,7.976805331471171,8.178689302550039,8.303966105243672,7.2,8.31,9.04,9.55,10.05
2019-01-31,7.65329697774132,7.924891183527813,8.062649532766985,8.140302534361327,7.06,7.99,8.79,9.3,9.81
2019-02-28,7.383458541723341,7.756307711395675,7.833572120487939,7.8586285189239335,7.06,7.86,8.74,9.25,9.79
2019-03-31,7.168880233899989,7.574680604358373,7.666238318736716,7.733182749011986,7.04,7.83,8.7,9.24,9.79
2019-04-30,7.231571830557569,7.509006419180525,7.628796366635518,7.7320225740671376,6.87,7.66,8.51,9.06,9.63
2019-05-31,7.303465109457028,7.559347792029876,7.706683001678126,7.7414980655600445,6.66,7.6,8.46,9.1,9.74
2019-06-30,7.234490090165315,7.382082117567924,7.56748501440146,7.628226815578451,6.46,7.37,8.3,9.02,9.86
2019-07-31,7.160817099649044,7.284445611193595,7.459623807858334,7.5077456065977035,6.29,7.23,8.12,8.8,9.68
2019-08-31,7.11792203263259,7.3779870610913605,7.516775351362403,7.52422919697759,6.73,7.4,8.34,9.04,9.94
2019-09-30,6.976780486825895,7.268734235781759,7.447456040206256,7.480852772421281,6.62,7.29,8.19,8.9,9.82
2019-10-31,6.929419325116869,7.297987781289446,7.451163090057997,7.482133079258786,6.63,7.33,8.25,8.93,9.86
2019-11-30,7.124827529624048,7.406655844155845,7.566197942766981,7.626137351629005,6.67,7.42,8.42,9.14,10.11
2019-12-31,7.255582801710985,7.620461720243523,7.702581564923078,7.741304671563789,6.7,7.3,8.37,9.15,10.21
2020-01-31,6.977377655519243,7.318430101629507,7.422726855939753,7.476011826856782,6.63,7.0,8.16,9.02,10.13
2020-02-29,6.435628984462194,6.855392625981289,6.874150478382247,6.860064234493368,6.56,7.93,8.86,9.28,10.09
2020-03-31,6.184304237647566,6.547823448884746,6.5586946232373435,6.507362447147932,6.76,9.29,10.39,10.92,11.4
2020-04-30,5.163897793483035,5.573303929515459,5.632002141103008,5.652983932731854,6.5,9.46,10.72,11.27,11.75
2020-05-31,4.201555511543751,4.495355131352285,4.524500820031182,4.581369024811722,5.18,7.71,9.33,10.14,11.19
2020-06-30,4.143567604128291,4.506645347566464,4.733880020574243,4.815454301091695,5.08,7.58,9.06,9.97,11.18
2020-07-31,3.9851307975654064,4.328872104371308,4.446053895327915,4.480123038638666,4.89,7.63,9.39,10.25,11.53
2020-08-31,3.7267069822015992,3.8775489230352647,4.018029409589394,4.037473083664777,4.54,7.42,9.27,10.19,11.49
2020-09-30,3.476269478821776,3.6823953023903204,3.7934623966079406,3.804682341567534,4.5,7.23,9.28,10.19,11.41
2020-10-31,3.501035479620872,3.6984517930927643,3.7939480884439822,3.865718639545251,4.42,7.14,9.36,10.37,11.62
2020-11-30,3.624051204102012,3.8189636874896706,3.922604812056304,3.9795021092465808,4.15,6.94,8.91,9.96,11.14
2020-12-31,3.7960052996860694,4.022424859059793,4.385088423901824,4.389054081027459,4.59,6.9,8.86,9.83,10.93
2021-01-31,3.8473533138290117,4.132223547933113,4.364789087976921,4.392758363967312,4.53,6.65,8.75,9.72,10.87
2021-02-28,3.8057711205016576,4.318532898766449,4.459795848798001,4.519042211242607,4.82,6.9,8.66,9.52,10.64
2021-03-31,3.8522458980775927,4.553910487019767,4.790937508403732,4.863364253887805,5.35,7.45,9.34,10.11,11.16
2021-04-30,3.8105983363433475,4.612653521186929,4.760517553948356,4.793422523444193,4.95,7.33,9.23,10.05,11.0
2021-05-31,3.6379373378502633,4.411623333653777,4.6501052958081655,4.719786150489146,4.75,7.32,9.02,9.81,10.77
2021-06-30,3.793154496727522,4.373830101745538,4.824196763135463,4.92064556570487,5.08,7.29,8.85,9.56,10.45
2021-07-31,3.911411047197054,4.556211558738094,5.006134738516266,5.1025266375255995,5.17,7.45,8.91,9.63,10.63
2021-08-31,3.7601608899731986,4.355932908733252,4.958254114379451,5.057606458448803,4.98,7.34,8.86,9.56,10.52
2021-09-30,3.8732348726971275,4.391730421444803,4.899891942410436,5.022938991106345,4.97,7.45,8.99,9.66,10.53
2021-10-31,3.792184019773139,4.530066056400925,5.032045044462573,5.1965049023307515,5.32,7.91,9.47,10.08,10.86
2021-11-30,3.8455671617368914,4.664599696634715,5.2662353441467715,5.473285248205476,5.32,8.07,9.56,10.04,10.71
2021-12-31,3.908674480779351,5.0062095475795605,5.585406429758564,5.781343941914717,5.02,7.87,9.5,9.98,10.72
2022-01-31,3.907217936314346,5.144875319290809,5.631934686288722,5.820777136681952,5.17,7.79,9.36,9.83,10.6
2022-02-28,2.9992608426603447,5.153091000322827,5.530697960693233,5.6152741416537175,5.3,7.72,9.23,9.65,10.39
2022-03-31,4.266728179214162,5.287650076283394,5.713716392963756,5.83444510802444,5.44,8.34,9.73,10.11,10.74
2022-04-30,4.348300903262565,5.475522897027127,5.9441313399526265,6.1047780508760185,5.48,8.15,9.74,10.48,10.7
2022-05-31,4.50820257162789,5.738736998010866,6.2250377891401545,6.497816083108034,5.54,8.34,9.91,10.7,10.94
2022-06-30,5.1915760060315135,5.946984171224075,6.495731385507916,6.840673019698383,5.68,8.63,10.18,10.95,11.25
2022-07-31,5.459503885305265,6.498234127635131,7.060854609736783,7.347860807822566,6.7,9.14,10.7,11.44,11.64
2022-08-31,5.820996739826418,6.839661937679215,7.319454397355524,7.579466055572513,6.9,8.82,10.19,10.9,11.07
2022-09-30,5.862170339904582,7.15073188485985,7.670761145344423,7.972658411032825,7.02,9.09,10.52,11.24,11.42
2022-10-31,6.216888799562017,7.6592567772918825,8.17787602269331,8.432635474937408,7.21,9.2,10.79,11.62,11.74
2022-11-30,6.279522793048888,7.7997158016571175,8.130136344864741,8.24614261885466,7.27,8.78,10.39,11.26,11.4
2022-12-31,6.715859368299444,8.158384768343995,8.421674250321475,8.373811405804645,7.32,8.91,10.44,11.44,11.53
2023-01-31,6.574108897920433,8.041950982039916,8.223657629082027,8.308619011622653,7.54,8.25,9.79,10.95,11.19
2023-02-28,6.6912952641109005,7.924743830000481,7.987824551305246,8.05609730426395,7.58,8.41,9.89,11.05,11.42
2023-03-31,7.219936397921875,8.049725297258071,8.074915084800443,8.057476663276985,8.43,,10.03,11.19,11.62
2023-04-30,7.870280708042464,8.559803924072737,8.675718371448259,8.658165202929142,8.62,,9.97,11.26,11.79
2023-05-31,8.207771138695248,9.029479845500989,9.192766350146494,9.204834119861651,9.42,,10.78,11.96,12.37
2023-06-30,8.669119605141415,9.364942445625246,9.55984219880285,9.5202578079989,9.44,,10.82,11.95,12.4
2023-07-31,8.754620949127458,9.264302305990345,9.390013051526477,9.387398247268285,9.08,,10.41,11.73,12.31
2023-08-31,8.61856767928929,8.98034801149855,9.118040568987409,9.116587549210099,8.99,,10.3,11.73,12.31
2023-09-30,8.500930286841813,8.988038848302438,9.101601013682172,9.051981770655198,9.15,,10.52,12.07,12.65
2023-10-31,8.73812346186614,9.09949527889844,9.232236491678377,9.216755606297044,9.41,,10.81,12.36,12.89
2023-11-30,8.698263782551612,9.064729997511307,9.234833975992196,9.223259329642376,8.93,,10.21,11.8,12.32
2023-12-31,8.628949608377155,9.069640583911422,9.189939647502007,9.131616102871746,8.76,,9.88,11.53,12.27
2024-01-31,8.659835005410294,9.116882244412814,9.14709130606045,9.093331488994982,8.7,,9.74,11.42,12.23
2024-02-29,8.64228351750091,8.953086121468802,9.002177606611156,8.957392801546598,8.85,,10.01,11.63,12.39
2024-03-31,8.6274545559716,8.838332286101176,8.848167069196169,8.808063168530985,9.07,,10.29,11.91,12.67
2024-04-30,8.612469764623224,8.853359576690194,8.88401611160888,8.906560612460654,9.35,,10.66,12.27,12.85
2024-05-31,8.71534555283499,8.941654303349999,9.089026333553589,9.174242359946957,9.17,,10.47,12.05,12.65
2024-06-30,8.71864219874714,9.06002580763396,9.147937886299486,9.144183143157125,8.89,,10.15,11.66,12.25
2024-07-31,8.631394513505265,8.820747749430273,8.86616987141789,8.838048927884957,8.51,,9.63,11.02,11.58
2024-08-31,8.392479091409061,8.529385434430653,8.481680204243423,8.404184776854434,8.23,,9.25,10.73,11.32
2024-09-30,8.26225967705813,8.42300406325617,8.419265720551172,8.266003987981843,8.01,,8.93,10.32,10.92
2024-10-31,8.166882875081734,8.373424772929617,8.381865772042655,8.290487065953918,8.25,,9.23,10.46,11.16
2024-11-30,8.082509965736504,8.332382148156602,8.332665309774997,8.3242556984648,8.28,,9.15,10.39,11.12
2024-12-31,7.958523335546495,8.325530867069164,8.359851441090886,8.366397231206319,8.18,,8.96,10.23,11.06
2025-01-31,7.898914195650398,8.293434448634672,8.316056827437734,8.337255852836133,8.29,,9.1,10.44,11.23
2025-02-28,7.554660841722323,8.063692420354835,8.195895484550329,8.193994552895886,8.28,9.11,10.5,10.92,11.33
2025-03-31,7.4975774652918865,7.957707090204192,8.08109977211097,8.101050650844948,8.26,9.09,10.57,10.99,11.47
2025-04-30,7.5647681730375,7.940299824838744,8.025516143851476,8.045471274677706,8.22,9.16,10.9,11.45,11.92
2025-05-31,7.488682790976725,7.865405362225066,7.9355681315282505,7.952987451086681,8.01,8.85,10.48,11.07,11.72
2025-06-30,7.433248050096828,7.724486605753257,7.864395731731507,7.872584927652062,7.83,8.6,10.08,10.6,11.24
2025-07-31,7.336566481573802,7.673199353856674,7.777076729917945,7.78725941048766,7.74,8.36,9.84,10.4,11.11
2025-08-31,7.097206943344559,7.450698299915994,7.599165560192863,7.64047502325228,7.61,8.14,9.62,10.15,10.83
2025-09-30,7.027678803075571,7.373892165909789,7.513056770740795,7.526430580447784,7.47,7.96,9.32,9.87,10.55
2025-10-31,7.014924900989932,7.372734942155187,7.431297515651533,7.462053338545478,7.44,7.78,9.04,9.54,10.13
2025-11-30,6.8914033548868945,7.266586654307574,7.319960075572064,7.329213838585895,7.34,7.66,8.68,9.12,9.67
2025-12-31,6.770901321280685,7.189303271301738,7.228794372700798,7.236595862278679,7.13,7.55,8.39,8.82,9.33
2026-01-31,6.8640606595924964,7.1427922901845795,7.158568184926078,7.152389375781307,6.9,7.32,8.23,8.62,9.15
2026-02-28,6.7155873243628745,6.952980075380646,6.970392496694063,6.967702105041703,6.83,7.13,7.97,8.26,8.69
2026-03-31,6.808177411702103,7.2121797974024515,7.3412018359868725,7.318223131561993,7.21,7.98,8.69,9.02,9.25
2026-04-30,6.92653028887664,7.510592537330624,7.734555523820895,7.8028083162815385,7.5,7.93,8.6,8.92,9.27
2026-05-31,7.031129995966121,7.474775898612038,7.763168530957924,7.787739100432205,7.59,8.08,8.68,8.99,9.32
